,country_code,country,year,value
40,ALB,Albania,2000,3170
41,ALB,Albania,2001,3230
42,ALB,Albania,2002,3759.99999
43,ALB,Albania,2003,4070.000172
44,ALB,Albania,2004,4250
45,ALB,Albania,2005,4030.00021
46,ALB,Albania,2006,4010.000229
47,ALB,Albania,2007,4139.999866
48,ALB,Albania,2008,4079.999924
49,ALB,Albania,2009,4219.99979
50,ALB,Albania,2010,4449.999809
51,ALB,Albania,2011,4849.999905
52,ALB,Albania,2012,4360.000134
53,ALB,Albania,2013,4440.000057
54,ALB,Albania,2014,4820.000172
55,ALB,Albania,2015,4619.999886
56,ALB,Albania,2016,4480.000019
57,ALB,Albania,2017,5139.999866
58,ALB,Albania,2018,5110.000134
59,ALB,Albania,2019,4829.999924
100,AUT,Austria,2000,63530
101,AUT,Austria,2001,67910
102,AUT,Austria,2002,69370.00275
103,AUT,Austria,2003,74459.99908
104,AUT,Austria,2004,75800.00305
105,AUT,Austria,2005,76239.99786
106,AUT,Austria,2006,74099.99847
107,AUT,Austria,2007,71239.99786
108,AUT,Austria,2008,70730.00336
109,AUT,Austria,2009,64419.99817
110,AUT,Austria,2010,69959.99908
111,AUT,Austria,2011,68269.99664
112,AUT,Austria,2012,65110.00061
113,AUT,Austria,2013,65750
114,AUT,Austria,2014,62049.99924
115,AUT,Austria,2015,63240.00168
116,AUT,Austria,2016,63680.00031
117,AUT,Austria,2017,65860.00061
118,AUT,Austria,2018,63060.00137
119,AUT,Austria,2019,64769.99664
160,BEL,Belgium,2000,117270
161,BEL,Belgium,2001,118340
162,BEL,Belgium,2002,110849.9985
163,BEL,Belgium,2003,115500
164,BEL,Belgium,2004,114019.9966
165,BEL,Belgium,2005,110610.0006
166,BEL,Belgium,2006,108650.0015
167,BEL,Belgium,2007,104589.9963
168,BEL,Belgium,2008,106930.0003
169,BEL,Belgium,2009,99669.99817
170,BEL,Belgium,2010,106720.0012
171,BEL,Belgium,2011,96480.00336
172,BEL,Belgium,2012,95269.99664
173,BEL,Belgium,2013,96589.99634
174,BEL,Belgium,2014,90139.99939
175,BEL,Belgium,2015,95129.99725
176,BEL,Belgium,2016,94220.00122
177,BEL,Belgium,2017,92720.00122
178,BEL,Belgium,2018,93660.00366
179,BEL,Belgium,2019,93010.00214
220,BGR,Bulgaria,2000,43420
221,BGR,Bulgaria,2001,46190
222,BGR,Bulgaria,2002,43599.99847
223,BGR,Bulgaria,2003,47930.00031
224,BGR,Bulgaria,2004,47270.00046
225,BGR,Bulgaria,2005,47990.00168
226,BGR,Bulgaria,2006,48950.00076
227,BGR,Bulgaria,2007,52599.99847
228,BGR,Bulgaria,2008,50040.00092
229,BGR,Bulgaria,2009,42909.99985
230,BGR,Bulgaria,2010,44740.00168
231,BGR,Bulgaria,2011,49639.99939
232,BGR,Bulgaria,2012,45020.00046
233,BGR,Bulgaria,2013,39659.99985
234,BGR,Bulgaria,2014,42049.99924
235,BGR,Bulgaria,2015,44560.00137
236,BGR,Bulgaria,2016,41590.00015
237,BGR,Bulgaria,2017,43880.00107
238,BGR,Bulgaria,2018,40900.00153
239,BGR,Bulgaria,2019,39139.99939
250,BIH,Bosnia and Herzegovina,2000,13960
251,BIH,Bosnia and Herzegovina,2001,13760
252,BIH,Bosnia and Herzegovina,2002,14560.00042
253,BIH,Bosnia and Herzegovina,2003,14869.99989
254,BIH,Bosnia and Herzegovina,2004,15569.99969
255,BIH,Bosnia and Herzegovina,2005,16229.99954
256,BIH,Bosnia and Herzegovina,2006,17909.99985
257,BIH,Bosnia and Herzegovina,2007,18889.99939
258,BIH,Bosnia and Herzegovina,2008,20760.00023
259,BIH,Bosnia and Herzegovina,2009,20590.00015
260,BIH,Bosnia and Herzegovina,2010,20840.00015
261,BIH,Bosnia and Herzegovina,2011,23739.99977
262,BIH,Bosnia and Herzegovina,2012,21959.99908
263,BIH,Bosnia and Herzegovina,2013,21850.00038
264,BIH,Bosnia and Herzegovina,2014,19489.99977
265,BIH,Bosnia and Herzegovina,2015,19620.00084
266,BIH,Bosnia and Herzegovina,2016,22340.00015
267,BIH,Bosnia and Herzegovina,2017,22680.00031
268,BIH,Bosnia and Herzegovina,2018,22600.00038
269,BIH,Bosnia and Herzegovina,2019,21069.99969
280,BLR,Belarus,2000,52940
281,BLR,Belarus,2001,51880
282,BLR,Belarus,2002,51840.00015
283,BLR,Belarus,2003,52700.00076
284,BLR,Belarus,2004,56040.00092
285,BLR,Belarus,2005,56779.99878
286,BLR,Belarus,2006,59119.99893
287,BLR,Belarus,2007,57650.00153
288,BLR,Belarus,2008,60529.99878
289,BLR,Belarus,2009,57400.00153
290,BLR,Belarus,2010,61669.99817
291,BLR,Belarus,2011,58549.99924
292,BLR,Belarus,2012,59939.99863
293,BLR,Belarus,2013,59990.00168
294,BLR,Belarus,2014,59500
295,BLR,Belarus,2015,54819.99969
296,BLR,Belarus,2016,55139.99939
297,BLR,Belarus,2017,56009.99832
298,BLR,Belarus,2018,58950.00076
299,BLR,Belarus,2019,57669.99817
340,CHE,Switzerland,2000,43710
341,CHE,Switzerland,2001,45150
342,CHE,Switzerland,2002,43569.99969
343,CHE,Switzerland,2003,44840.00015
344,CHE,Switzerland,2004,45279.99878
345,CHE,Switzerland,2005,45849.99847
346,CHE,Switzerland,2006,45479.99954
347,CHE,Switzerland,2007,43540.00092
348,CHE,Switzerland,2008,44959.99908
349,CHE,Switzerland,2009,43669.99817
350,CHE,Switzerland,2010,45209.99908
351,CHE,Switzerland,2011,41189.99863
352,CHE,Switzerland,2012,42520.00046
353,CHE,Switzerland,2013,43529.99878
354,CHE,Switzerland,2014,39790.00092
355,CHE,Switzerland,2015,39090.00015
356,CHE,Switzerland,2016,39669.99817
357,CHE,Switzerland,2017,38700.00076
358,CHE,Switzerland,2018,37479.99954
359,CHE,Switzerland,2019,37380.00107
400,CYP,Cyprus,2000,7130
401,CYP,Cyprus,2001,6990
402,CYP,Cyprus,2002,7170.000076
403,CYP,Cyprus,2003,7829.999924
404,CYP,Cyprus,2004,7780.00021
405,CYP,Cyprus,2005,7900.000095
406,CYP,Cyprus,2006,8000
407,CYP,Cyprus,2007,8310.00042
408,CYP,Cyprus,2008,8489.999771
409,CYP,Cyprus,2009,8279.999733
410,CYP,Cyprus,2010,7900.000095
411,CYP,Cyprus,2011,7630.000114
412,CYP,Cyprus,2012,7099.999905
413,CYP,Cyprus,2013,6429.999828
414,CYP,Cyprus,2014,6809.999943
415,CYP,Cyprus,2015,6849.999905
416,CYP,Cyprus,2016,7219.99979
417,CYP,Cyprus,2017,7360.000134
418,CYP,Cyprus,2018,7199.999809
419,CYP,Cyprus,2019,7190.000057
430,CZE,Czech Republic,2000,123170
431,CZE,Czech Republic,2001,122720
432,CZE,Czech Republic,2002,118529.9988
433,CZE,Czech Republic,2003,122769.9966
434,CZE,Czech Republic,2004,123440.0024
435,CZE,Czech Republic,2005,119989.9979
436,CZE,Czech Republic,2006,120599.9985
437,CZE,Czech Republic,2007,123620.0027
438,CZE,Czech Republic,2008,118309.9976
439,CZE,Czech Republic,2009,111169.9982
440,CZE,Czech Republic,2010,112250
441,CZE,Czech Republic,2011,109169.9982
442,CZE,Czech Republic,2012,106069.9997
443,CZE,Czech Republic,2013,101150.0015
444,CZE,Czech Republic,2014,97510.00214
445,CZE,Czech Republic,2015,99139.99939
446,CZE,Czech Republic,2016,101730.0034
447,CZE,Czech Republic,2017,101830.0018
448,CZE,Czech Republic,2018,100900.0015
449,CZE,Czech Republic,2019,96290.00092
460,DEU,Germany,2000,830280
461,DEU,Germany,2001,847680
462,DEU,Germany,2002,833380.0049
463,DEU,Germany,2003,836789.978
464,DEU,Germany,2004,821070.0073
465,DEU,Germany,2005,802380.0049
466,DEU,Germany,2006,814409.9731
467,DEU,Germany,2007,783799.9878
468,DEU,Germany,2008,789690.0024
469,DEU,Germany,2009,734809.9976
470,DEU,Germany,2010,773070.0073
471,DEU,Germany,2011,746479.9805
472,DEU,Germany,2012,760130.0049
473,DEU,Germany,2013,776150.0244
474,DEU,Germany,2014,736010.0098
475,DEU,Germany,2015,742309.9976
476,DEU,Germany,2016,747150.0244
477,DEU,Germany,2017,732200.0122
478,DEU,Germany,2018,707700.0122
479,DEU,Germany,2019,657400.0244
520,DNK,Denmark,2000,52600
521,DNK,Denmark,2001,54250
522,DNK,Denmark,2002,53840.00015
523,DNK,Denmark,2003,59229.99954
524,DNK,Denmark,2004,53729.99954
525,DNK,Denmark,2005,50200.00076
526,DNK,Denmark,2006,58130.00107
527,DNK,Denmark,2007,53409.99985
528,DNK,Denmark,2008,50130.00107
529,DNK,Denmark,2009,47930.00031
530,DNK,Denmark,2010,48119.99893
531,DNK,Denmark,2011,43099.99847
532,DNK,Denmark,2012,38220.00122
533,DNK,Denmark,2013,39959.99908
534,DNK,Denmark,2014,35819.99969
535,DNK,Denmark,2015,33700.00076
536,DNK,Denmark,2016,35319.99969
537,DNK,Denmark,2017,33130.00107
538,DNK,Denmark,2018,33130.00107
539,DNK,Denmark,2019,29700.00076
580,ESP,Spain,2000,293310
581,ESP,Spain,2001,294790
582,ESP,Spain,2002,312750
583,ESP,Spain,2003,318660.0037
584,ESP,Spain,2004,335559.9976
585,ESP,Spain,2005,350500
586,ESP,Spain,2006,341779.9988
587,ESP,Spain,2007,354679.9927
588,ESP,Spain,2008,324269.989
589,ESP,Spain,2009,287489.9902
590,ESP,Spain,2010,273250
591,ESP,Spain,2011,274399.9939
592,ESP,Spain,2012,269269.989
593,ESP,Spain,2013,242809.9976
594,ESP,Spain,2014,240960.0067
595,ESP,Spain,2015,256279.9988
596,ESP,Spain,2016,247029.9988
597,ESP,Spain,2017,263450.0122
598,ESP,Spain,2018,257040.0085
599,ESP,Spain,2019,239979.9957
610,EST,Estonia,2000,14920
611,EST,Estonia,2001,15380
612,EST,Estonia,2002,14949.99981
613,EST,Estonia,2003,16940.00053
614,EST,Estonia,2004,17020.00046
615,EST,Estonia,2005,17229.99954
616,EST,Estonia,2006,15979.99954
617,EST,Estonia,2007,19979.99954
618,EST,Estonia,2008,18399.99962
619,EST,Estonia,2009,15050.00019
620,EST,Estonia,2010,19000
621,EST,Estonia,2011,18170.00008
622,EST,Estonia,2012,16889.99939
623,EST,Estonia,2013,19319.99969
624,EST,Estonia,2014,17940.00053
625,EST,Estonia,2015,15539.99996
626,EST,Estonia,2016,15989.99977
627,EST,Estonia,2017,16709.99908
628,EST,Estonia,2018,15319.99969
629,EST,Estonia,2019,10180.00031
670,FIN,Finland,2000,55100
671,FIN,Finland,2001,61090
672,FIN,Finland,2002,63439.99863
673,FIN,Finland,2003,71709.99908
674,FIN,Finland,2004,67680.00031
675,FIN,Finland,2005,55459.99908
676,FIN,Finland,2006,67019.99664
677,FIN,Finland,2007,65099.99847
678,FIN,Finland,2008,56659.99985
679,FIN,Finland,2009,54180.00031
680,FIN,Finland,2010,62529.99878
681,FIN,Finland,2011,55119.99893
682,FIN,Finland,2012,49409.99985
683,FIN,Finland,2013,50189.99863
684,FIN,Finland,2014,46159.99985
685,FIN,Finland,2015,42819.99969
686,FIN,Finland,2016,45700.00076
687,FIN,Finland,2017,43020.00046
688,FIN,Finland,2018,44580.00183
689,FIN,Finland,2019,40709.99908
730,FRA,France,2000,373120
731,FRA,France,2001,376730
732,FRA,France,2002,371019.989
733,FRA,France,2003,376709.9915
734,FRA,France,2004,377790.0085
735,FRA,France,2005,380660.0037
736,FRA,France,2006,371549.9878
737,FRA,France,2007,362829.9866
738,FRA,France,2008,357989.9902
739,FRA,France,2009,343730.011
740,FRA,France,2010,347779.9988
741,FRA,France,2011,335140.0146
742,FRA,France,2012,338420.0134
743,FRA,France,2013,338559.9976
744,FRA,France,2014,306100.0061
745,FRA,France,2015,311299.9878
746,FRA,France,2016,313920.0134
747,FRA,France,2017,317829.9866
748,FRA,France,2018,307049.9878
749,FRA,France,2019,300519.989
790,GBR,United Kingdom,2000,530890
791,GBR,United Kingdom,2001,545260
792,GBR,United Kingdom,2002,530789.978
793,GBR,United Kingdom,2003,543039.978
794,GBR,United Kingdom,2004,543080.0171
795,GBR,United Kingdom,2005,540919.9829
796,GBR,United Kingdom,2006,542059.9976
797,GBR,United Kingdom,2007,530500
798,GBR,United Kingdom,2008,515340.0269
799,GBR,United Kingdom,2009,466489.9902
800,GBR,United Kingdom,2010,482440.0024
801,GBR,United Kingdom,2011,445589.9963
802,GBR,United Kingdom,2012,467779.9988
803,GBR,United Kingdom,2013,453760.0098
804,GBR,United Kingdom,2014,415600.0061
805,GBR,United Kingdom,2015,401079.9866
806,GBR,United Kingdom,2016,380809.9976
807,GBR,United Kingdom,2017,367000
808,GBR,United Kingdom,2018,360730.011
809,GBR,United Kingdom,2019,348920.0134
850,GRC,Greece,2000,94460
851,GRC,Greece,2001,96610
852,GRC,Greece,2002,96599.99847
853,GRC,Greece,2003,100220.0012
854,GRC,Greece,2004,99839.99634
855,GRC,Greece,2005,101949.9969
856,GRC,Greece,2006,100699.9969
857,GRC,Greece,2007,104309.9976
858,GRC,Greece,2008,100410.0037
859,GRC,Greece,2009,94739.99786
860,GRC,Greece,2010,87580.00183
861,GRC,Greece,2011,84550.00305
862,GRC,Greece,2012,80089.99634
863,GRC,Greece,2013,72480.00336
864,GRC,Greece,2014,69550.00305
865,GRC,Greece,2015,68010.00214
866,GRC,Greece,2016,66849.99847
867,GRC,Greece,2017,66800.00305
868,GRC,Greece,2018,65019.99664
869,GRC,Greece,2019,60000
880,HRV,Croatia,2000,18040
881,HRV,Croatia,2001,19200
882,HRV,Croatia,2002,20280.00069
883,HRV,Croatia,2003,21610.00061
884,HRV,Croatia,2004,21100.00038
885,HRV,Croatia,2005,21450.00076
886,HRV,Croatia,2006,21610.00061
887,HRV,Croatia,2007,22879.99916
888,HRV,Croatia,2008,21729.99954
889,HRV,Croatia,2009,20309.99947
890,HRV,Croatia,2010,19459.99908
891,HRV,Croatia,2011,19030.00069
892,HRV,Croatia,2012,17409.99985
893,HRV,Croatia,2013,17010.00023
894,HRV,Croatia,2014,16239.99977
895,HRV,Croatia,2015,16600.00038
896,HRV,Croatia,2016,16879.99916
897,HRV,Croatia,2017,17409.99985
898,HRV,Croatia,2018,16430.00031
899,HRV,Croatia,2019,16520.00046
940,HUN,Hungary,2000,54630
941,HUN,Hungary,2001,56280
942,HUN,Hungary,2002,55599.99847
943,HUN,Hungary,2003,58189.99863
944,HUN,Hungary,2004,56349.99847
945,HUN,Hungary,2005,55919.99817
946,HUN,Hungary,2006,55459.99908
947,HUN,Hungary,2007,53849.99847
948,HUN,Hungary,2008,53009.99832
949,HUN,Hungary,2009,47840.00015
950,HUN,Hungary,2010,47880.00107
951,HUN,Hungary,2011,46909.99985
952,HUN,Hungary,2012,43430.00031
953,HUN,Hungary,2013,40759.99832
954,HUN,Hungary,2014,40630.00107
955,HUN,Hungary,2015,43380.00107
956,HUN,Hungary,2016,44250
957,HUN,Hungary,2017,46439.99863
958,HUN,Hungary,2018,46400.00153
959,HUN,Hungary,2019,46380.00107
1000,IRL,Ireland,2000,42530
1001,IRL,Ireland,2001,44820
1002,IRL,Ireland,2002,43930.00031
1003,IRL,Ireland,2003,44090.00015
1004,IRL,Ireland,2004,44689.99863
1005,IRL,Ireland,2005,46650.00153
1006,IRL,Ireland,2006,47259.99832
1007,IRL,Ireland,2007,46360.00061
1008,IRL,Ireland,2008,45779.99878
1009,IRL,Ireland,2009,40560.00137
1010,IRL,Ireland,2010,40189.99863
1011,IRL,Ireland,2011,36680.00031
1012,IRL,Ireland,2012,37130.00107
1013,IRL,Ireland,2013,35709.99908
1014,IRL,Ireland,2014,35529.99878
1015,IRL,Ireland,2015,37060.00137
1016,IRL,Ireland,2016,38819.99969
1017,IRL,Ireland,2017,37779.99878
1018,IRL,Ireland,2018,37659.99985
1019,IRL,Ireland,2019,35750
1060,ISL,Iceland,2000,2230
1061,ISL,Iceland,2001,2160
1062,ISL,Iceland,2002,2240.00001
1063,ISL,Iceland,2003,2230.000019
1064,ISL,Iceland,2004,2319.999933
1065,ISL,Iceland,2005,2289.999962
1066,ISL,Iceland,2006,2329.999924
1067,ISL,Iceland,2007,2380.000114
1068,ISL,Iceland,2008,2180.000067
1069,ISL,Iceland,2009,2109.999895
1070,ISL,Iceland,2010,1960.000038
1071,ISL,Iceland,2011,1889.999986
1072,ISL,Iceland,2012,1860.000014
1073,ISL,Iceland,2013,2029.999971
1074,ISL,Iceland,2014,2049.999952
1075,ISL,Iceland,2015,2059.999943
1076,ISL,Iceland,2016,1629.999995
1077,ISL,Iceland,2017,1669.999957
1078,ISL,Iceland,2018,1700.000048
1079,ISL,Iceland,2019,1639.999986
1120,ITA,Italy,2000,436300
1121,ITA,Italy,2001,436570
1122,ITA,Italy,2002,443470.0012
1123,ITA,Italy,2003,462200.0122
1124,ITA,Italy,2004,472399.9939
1125,ITA,Italy,2005,473829.9866
1126,ITA,Italy,2006,466649.9939
1127,ITA,Italy,2007,459369.9951
1128,ITA,Italy,2008,444980.011
1129,ITA,Italy,2009,397059.9976
1130,ITA,Italy,2010,405269.989
1131,ITA,Italy,2011,396690.0024
1132,ITA,Italy,2012,376750
1133,ITA,Italy,2013,346459.9915
1134,ITA,Italy,2014,327500
1135,ITA,Italy,2015,337859.9854
1136,ITA,Italy,2016,333339.9963
1137,ITA,Italy,2017,329190.0024
1138,ITA,Italy,2018,324880.0049
1139,ITA,Italy,2019,317239.9902
1150,LTU,Lithuania,2000,10510
1151,LTU,Lithuania,2001,11150
1152,LTU,Lithuania,2002,11220.00027
1153,LTU,Lithuania,2003,11229.99954
1154,LTU,Lithuania,2004,11909.99985
1155,LTU,Lithuania,2005,12829.99992
1156,LTU,Lithuania,2006,13020.00046
1157,LTU,Lithuania,2007,13210.00004
1158,LTU,Lithuania,2008,13060.00042
1159,LTU,Lithuania,2009,11689.99958
1160,LTU,Lithuania,2010,12600.00038
1161,LTU,Lithuania,2011,11850.00038
1162,LTU,Lithuania,2012,11930.00031
1163,LTU,Lithuania,2013,11329.99992
1164,LTU,Lithuania,2014,10859.99966
1165,LTU,Lithuania,2015,11069.99969
1166,LTU,Lithuania,2016,11199.99981
1167,LTU,Lithuania,2017,11220.00027
1168,LTU,Lithuania,2018,11649.99962
1169,LTU,Lithuania,2019,11729.99954
1210,LUX,Luxembourg,2000,8560
1211,LUX,Luxembourg,2001,9120
1212,LUX,Luxembourg,2002,9819.999695
1213,LUX,Luxembourg,2003,10239.99977
1214,LUX,Luxembourg,2004,11659.99985
1215,LUX,Luxembourg,2005,11909.99985
1216,LUX,Luxembourg,2006,11720.00027
1217,LUX,Luxembourg,2007,11109.99966
1218,LUX,Luxembourg,2008,11020.00046
1219,LUX,Luxembourg,2009,10439.99958
1220,LUX,Luxembourg,2010,11029.99973
1221,LUX,Luxembourg,2011,10899.99962
1222,LUX,Luxembourg,2012,10689.99958
1223,LUX,Luxembourg,2013,10149.99962
1224,LUX,Luxembourg,2014,9649.999619
1225,LUX,Luxembourg,2015,9130.000114
1226,LUX,Luxembourg,2016,8850.000381
1227,LUX,Luxembourg,2017,9000
1228,LUX,Luxembourg,2018,9319.999695
1229,LUX,Luxembourg,2019,9489.999771
1240,LVA,Latvia,2000,6930
1241,LVA,Latvia,2001,7360
1242,LVA,Latvia,2002,7349.999905
1243,LVA,Latvia,2003,7590.000153
1244,LVA,Latvia,2004,7619.999886
1245,LVA,Latvia,2005,7710.000038
1246,LVA,Latvia,2006,8199.999809
1247,LVA,Latvia,2007,8529.999733
1248,LVA,Latvia,2008,8109.999657
1249,LVA,Latvia,2009,7360.000134
1250,LVA,Latvia,2010,8520.000458
1251,LVA,Latvia,2011,7900.000095
1252,LVA,Latvia,2012,7570.000172
1253,LVA,Latvia,2013,7449.999809
1254,LVA,Latvia,2014,7280.00021
1255,LVA,Latvia,2015,7320.000172
1256,LVA,Latvia,2016,7150.000095
1257,LVA,Latvia,2017,7119.999886
1258,LVA,Latvia,2018,7789.999962
1259,LVA,Latvia,2019,7570.000172
1270,MDA,Moldova,2000,6710
1271,MDA,Moldova,2001,7020
1272,MDA,Moldova,2002,7179.999828
1273,MDA,Moldova,2003,7769.999981
1274,MDA,Moldova,2004,7780.00021
1275,MDA,Moldova,2005,8180.000305
1276,MDA,Moldova,2006,7980.000019
1277,MDA,Moldova,2007,8140.000343
1278,MDA,Moldova,2008,8149.999619
1279,MDA,Moldova,2009,7639.999866
1280,MDA,Moldova,2010,8300.000191
1281,MDA,Moldova,2011,8340.000153
1282,MDA,Moldova,2012,8140.000343
1283,MDA,Moldova,2013,7179.999828
1284,MDA,Moldova,2014,7710.000038
1285,MDA,Moldova,2015,8020.000458
1286,MDA,Moldova,2016,8140.000343
1287,MDA,Moldova,2017,8060.00042
1288,MDA,Moldova,2018,8539.999962
1289,MDA,Moldova,2019,8859.999657
1300,MKD,Macedonia,2000,8760
1301,MKD,Macedonia,2001,8920
1302,MKD,Macedonia,2002,8369.999886
1303,MKD,Macedonia,2003,9140.000343
1304,MKD,Macedonia,2004,8840.000153
1305,MKD,Macedonia,2005,9229.999542
1306,MKD,Macedonia,2006,9220.000267
1307,MKD,Macedonia,2007,9699.999809
1308,MKD,Macedonia,2008,9479.999542
1309,MKD,Macedonia,2009,8869.999886
1310,MKD,Macedonia,2010,8640.000343
1311,MKD,Macedonia,2011,9520.000458
1312,MKD,Macedonia,2012,9050.000191
1313,MKD,Macedonia,2013,8140.000343
1314,MKD,Macedonia,2014,7699.999809
1315,MKD,Macedonia,2015,7409.999847
1316,MKD,Macedonia,2016,7300.000191
1317,MKD,Macedonia,2017,7789.999962
1318,MKD,Macedonia,2018,7300.000191
1319,MKD,Macedonia,2019,8300.000191
1330,MNE,Montenegro,2000,1520
1331,MNE,Montenegro,2001,1670
1332,MNE,Montenegro,2002,1769.999981
1333,MNE,Montenegro,2003,1889.999986
1334,MNE,Montenegro,2004,2039.999962
1335,MNE,Montenegro,2005,2000
1336,MNE,Montenegro,2006,2180.000067
1337,MNE,Montenegro,2007,2099.999905
1338,MNE,Montenegro,2008,2690.000057
1339,MNE,Montenegro,2009,1750
1340,MNE,Montenegro,2010,2579.999924
1341,MNE,Montenegro,2011,2539.999962
1342,MNE,Montenegro,2012,2329.999924
1343,MNE,Montenegro,2013,2269.999981
1344,MNE,Montenegro,2014,2220.000029
1345,MNE,Montenegro,2015,2359.999895
1346,MNE,Montenegro,2016,2150.000095
1347,MNE,Montenegro,2017,2269.999981
1348,MNE,Montenegro,2018,2500
1349,MNE,Montenegro,2019,2599.999905
1390,NLD,Netherlands,2000,162100
1391,NLD,Netherlands,2001,167120
1392,NLD,Netherlands,2002,167429.9927
1393,NLD,Netherlands,2003,170360.0006
1394,NLD,Netherlands,2004,172119.9951
1395,NLD,Netherlands,2005,167929.9927
1396,NLD,Netherlands,2006,163699.9969
1397,NLD,Netherlands,2007,164550.0031
1398,NLD,Netherlands,2008,165220.0012
1399,NLD,Netherlands,2009,160490.0055
1400,NLD,Netherlands,2010,171110.0006
1401,NLD,Netherlands,2011,158770.0043
1402,NLD,Netherlands,2012,157470.0012
1403,NLD,Netherlands,2013,157089.9963
1404,NLD,Netherlands,2014,149789.9933
1405,NLD,Netherlands,2015,157410.0037
1406,NLD,Netherlands,2016,158539.9933
1407,NLD,Netherlands,2017,155759.9945
1408,NLD,Netherlands,2018,151360.0006
1409,NLD,Netherlands,2019,146339.9963
1450,NOR,Norway,2000,34290
1451,NOR,Norway,2001,34720
1452,NOR,Norway,2002,34369.99893
1453,NOR,Norway,2003,37169.99817
1454,NOR,Norway,2004,37340.00015
1455,NOR,Norway,2005,36349.99847
1456,NOR,Norway,2006,37200.00076
1457,NOR,Norway,2007,37750
1458,NOR,Norway,2008,36869.99893
1459,NOR,Norway,2009,37430.00031
1460,NOR,Norway,2010,41409.99985
1461,NOR,Norway,2011,39599.99847
1462,NOR,Norway,2012,38490.00168
1463,NOR,Norway,2013,39500
1464,NOR,Norway,2014,39110.00061
1465,NOR,Norway,2015,39490.00168
1466,NOR,Norway,2016,38759.99832
1467,NOR,Norway,2017,37720.00122
1468,NOR,Norway,2018,37590.00015
1469,NOR,Norway,2019,35950.00076
1510,POL,Poland,2000,295770
1511,POL,Poland,2001,293630
1512,POL,Poland,2002,287320.0073
1513,POL,Poland,2003,297730.011
1514,POL,Poland,2004,301850.0061
1515,POL,Poland,2005,301350.0061
1516,POL,Poland,2006,314089.9963
1517,POL,Poland,2007,313380.0049
1518,POL,Poland,2008,308329.9866
1519,POL,Poland,2009,297260.0098
1520,POL,Poland,2010,313739.9902
1521,POL,Poland,2011,310589.9963
1522,POL,Poland,2012,303350.0061
1523,POL,Poland,2013,298299.9878
1524,POL,Poland,2014,285730.011
1525,POL,Poland,2015,289079.9866
1526,POL,Poland,2016,299799.9878
1527,POL,Poland,2017,312859.9854
1528,POL,Poland,2018,311910.0037
1529,POL,Poland,2019,295130.0049
1570,PRT,Portugal,2000,61660
1571,PRT,Portugal,2001,61380
1572,PRT,Portugal,2002,65599.99847
1573,PRT,Portugal,2003,60520.00046
1574,PRT,Portugal,2004,62130.00107
1575,PRT,Portugal,2005,65470.00122
1576,PRT,Portugal,2006,60450.00076
1577,PRT,Portugal,2007,58799.99924
1578,PRT,Portugal,2008,56840.00015
1579,PRT,Portugal,2009,56299.99924
1580,PRT,Portugal,2010,50939.99863
1581,PRT,Portugal,2011,49869.99893
1582,PRT,Portugal,2012,48220.00122
1583,PRT,Portugal,2013,46560.00137
1584,PRT,Portugal,2014,45930.00031
1585,PRT,Portugal,2015,49849.99847
1586,PRT,Portugal,2016,48759.99832
1587,PRT,Portugal,2017,53330.00183
1588,PRT,Portugal,2018,49500
1589,PRT,Portugal,2019,44639.99939
1630,ROU,Romania,2000,89020
1631,ROU,Romania,2001,95230
1632,ROU,Romania,2002,93739.99786
1633,ROU,Romania,2003,98139.99939
1634,ROU,Romania,2004,95349.99847
1635,ROU,Romania,2005,94709.99908
1636,ROU,Romania,2006,99260.00214
1637,ROU,Romania,2007,96730.00336
1638,ROU,Romania,2008,95419.99817
1639,ROU,Romania,2009,80709.99908
1640,ROU,Romania,2010,77620.00275
1641,ROU,Romania,2011,84059.99756
1642,ROU,Romania,2012,81849.99847
1643,ROU,Romania,2013,72089.99634
1644,ROU,Romania,2014,71540.00092
1645,ROU,Romania,2015,73319.99969
1646,ROU,Romania,2016,71589.99634
1647,ROU,Romania,2017,74209.99908
1648,ROU,Romania,2018,75190.00244
1649,ROU,Romania,2019,73949.99695
1690,RUS,Russia,2000,1563850
1691,RUS,Russia,2001,1567170
1692,RUS,Russia,2002,1565339.966
1693,RUS,Russia,2003,1610000
1694,RUS,Russia,2004,1600979.98
1695,RUS,Russia,2005,1611979.98
1696,RUS,Russia,2006,1654849.976
1697,RUS,Russia,2007,1658150.024
1698,RUS,Russia,2008,1655189.941
1699,RUS,Russia,2009,1546670.044
1700,RUS,Russia,2010,1617829.956
1701,RUS,Russia,2011,1699089.966
1702,RUS,Russia,2012,1675760.01
1703,RUS,Russia,2013,1632680.054
1704,RUS,Russia,2014,1611959.961
1705,RUS,Russia,2015,1592560.059
1706,RUS,Russia,2016,1571520.02
1707,RUS,Russia,2017,1594550.049
1708,RUS,Russia,2018,1661000
1709,RUS,Russia,2019,1703589.966
1720,SRB,Serbia,2000,43990
1721,SRB,Serbia,2001,45000
1722,SRB,Serbia,2002,48580.00183
1723,SRB,Serbia,2003,52150.00153
1724,SRB,Serbia,2004,56349.99847
1725,SRB,Serbia,2005,50689.99863
1726,SRB,Serbia,2006,53009.99832
1727,SRB,Serbia,2007,51459.99908
1728,SRB,Serbia,2008,49830.00183
1729,SRB,Serbia,2009,46869.99893
1730,SRB,Serbia,2010,47099.99847
1731,SRB,Serbia,2011,51229.99954
1732,SRB,Serbia,2012,45790.00092
1733,SRB,Serbia,2013,46470.00122
1734,SRB,Serbia,2014,38959.99908
1735,SRB,Serbia,2015,45389.99939
1736,SRB,Serbia,2016,46619.99893
1737,SRB,Serbia,2017,47340.00015
1738,SRB,Serbia,2018,46130.00107
1739,SRB,Serbia,2019,45950.00076
1750,SVK,Slovakia,2000,38070
1751,SVK,Slovakia,2001,38580
1752,SVK,Slovakia,2002,38069.99969
1753,SVK,Slovakia,2003,38330.00183
1754,SVK,Slovakia,2004,37430.00031
1755,SVK,Slovakia,2005,38520.00046
1756,SVK,Slovakia,2006,37869.99893
1757,SVK,Slovakia,2007,37189.99863
1758,SVK,Slovakia,2008,37099.99847
1759,SVK,Slovakia,2009,33909.99985
1760,SVK,Slovakia,2010,35430.00031
1761,SVK,Slovakia,2011,34119.99893
1762,SVK,Slovakia,2012,32349.99847
1763,SVK,Slovakia,2013,32919.99817
1764,SVK,Slovakia,2014,30440.00053
1765,SVK,Slovakia,2015,30750
1766,SVK,Slovakia,2016,31500
1767,SVK,Slovakia,2017,33580.00183
1768,SVK,Slovakia,2018,33000
1769,SVK,Slovakia,2019,31079.99992
1780,SVN,Slovenia,2000,14540
1781,SVN,Slovenia,2001,15380
1782,SVN,Slovenia,2002,15520.00046
1783,SVN,Slovenia,2003,15409.99985
1784,SVN,Slovenia,2004,15699.99981
1785,SVN,Slovenia,2005,15920.00008
1786,SVN,Slovenia,2006,16290.00092
1787,SVN,Slovenia,2007,16280.00069
1788,SVN,Slovenia,2008,17360.00061
1789,SVN,Slovenia,2009,15510.00023
1790,SVN,Slovenia,2010,15779.99973
1791,SVN,Slovenia,2011,15699.99981
1792,SVN,Slovenia,2012,15119.99989
1793,SVN,Slovenia,2013,14550.00019
1794,SVN,Slovenia,2014,13109.99966
1795,SVN,Slovenia,2015,13140.00034
1796,SVN,Slovenia,2016,13899.99962
1797,SVN,Slovenia,2017,14119.99989
1798,SVN,Slovenia,2018,14069.99969
1799,SVN,Slovenia,2019,13600.00038
1840,SWE,Sweden,2000,53280
1841,SWE,Sweden,2001,52500
1842,SWE,Sweden,2002,54020.00046
1843,SWE,Sweden,2003,55200.00076
1844,SWE,Sweden,2004,53590.00015
1845,SWE,Sweden,2005,50209.99908
1846,SWE,Sweden,2006,48900.00153
1847,SWE,Sweden,2007,47139.99939
1848,SWE,Sweden,2008,46150.00153
1849,SWE,Sweden,2009,42880.00107
1850,SWE,Sweden,2010,48130.00107
1851,SWE,Sweden,2011,44580.00183
1852,SWE,Sweden,2012,42139.99939
1853,SWE,Sweden,2013,40540.00092
1854,SWE,Sweden,2014,39080.00183
1855,SWE,Sweden,2015,39189.99863
1856,SWE,Sweden,2016,38779.99878
1857,SWE,Sweden,2017,38290.00092
1858,SWE,Sweden,2018,36009.99832
1859,SWE,Sweden,2019,35000
1870,UKR,Ukraine,2000,297380
1871,UKR,Ukraine,2001,300550
1872,UKR,Ukraine,2002,303940.0024
1873,UKR,Ukraine,2003,330230.011
1874,UKR,Ukraine,2004,307140.0146
1875,UKR,Ukraine,2005,295410.0037
1876,UKR,Ukraine,2006,303989.9902
1877,UKR,Ukraine,2007,312140.0146
1878,UKR,Ukraine,2008,301200.0122
1879,UKR,Ukraine,2009,251619.9951
1880,UKR,Ukraine,2010,268920.0134
1881,UKR,Ukraine,2011,283339.9963
1882,UKR,Ukraine,2012,277109.9854
1883,UKR,Ukraine,2013,270269.989
1884,UKR,Ukraine,2014,237729.9957
1885,UKR,Ukraine,2015,191070.0073
1886,UKR,Ukraine,2016,201660.0037
1887,UKR,Ukraine,2017,174940.0024
1888,UKR,Ukraine,2018,185619.9951
1889,UKR,Ukraine,2019,174729.9957
1890,XKX,Kosovo,2008,7455.011
1891,XKX,Kosovo,2009,8192.078
1892,XKX,Kosovo,2010,8426.766
1893,XKX,Kosovo,2011,8368.094
1894,XKX,Kosovo,2012,7942.722
1895,XKX,Kosovo,2013,8074.734
1896,XKX,Kosovo,2014,7260.66
1897,XKX,Kosovo,2015,8408.431
1898,XKX,Kosovo,2016,8943.813
